ğŸ˜„, 1f604, 128516, smile
ğŸ˜†, 1f606, 128518, laughing
ğŸ˜Š, 1f60a, 128522, blush
ğŸ˜ƒ, 1f603, 128515, smiley
â˜º,  263a,   9786, relaxed
ğŸ˜, 1f60f, 128527, smirk
ğŸ˜, 1f60d, 128525, heart-eyes
ğŸ˜˜, 1f618, 128536, kissing-heart
ğŸ˜š, 1f61a, 128538, kissing-closed-eyes
ğŸ˜³, 1f633, 128563, flushed
ğŸ˜¥, 1f625, 128549, relieved
ğŸ˜Œ, 1f60c, 128524, satisfied
ğŸ˜, 1f601, 128513, grin
ğŸ˜‰, 1f609, 128521, wink
ğŸ˜œ, 1f61c, 128540, stuck-out-tongue-winking-eye
ğŸ˜, 1f61d, 128541, stuck-out-tongue-closed-eyes
ğŸ˜€, 1f600, 128512, grinning
ğŸ˜—, 1f617, 128535, kissing
ğŸ˜™, 1f619, 128537, kissing-smiling-eyes
ğŸ˜›, 1f61b, 128539, stuck-out-tongue
ğŸ˜´, 1f634, 128564, sleeping
ğŸ˜Ÿ, 1f61f, 128543, worried
ğŸ˜¦, 1f626, 128550, frowning
ğŸ˜§, 1f627, 128551, anguished
ğŸ˜®, 1f62e, 128558, open-mouth
ğŸ˜¬, 1f62c, 128556, grimacing
ğŸ˜•, 1f615, 128533, confused
ğŸ˜¯, 1f62f, 128559, hushed
ğŸ˜‘, 1f611, 128529, expressionless
ğŸ˜’, 1f612, 128530, unamused
ğŸ˜…, 1f605, 128517, sweat-smile
ğŸ˜“, 1f613, 128531, sweat
ğŸ˜©, 1f629, 128553, weary
ğŸ˜”, 1f614, 128532, pensive
ğŸ˜, 1f61e, 128542, disappointed
ğŸ˜–, 1f616, 128534, confounded
ğŸ˜¨, 1f628, 128552, fearful
ğŸ˜°, 1f630, 128560, cold-sweat
ğŸ˜£, 1f623, 128547, persevere
ğŸ˜¢, 1f622, 128546, cry
ğŸ˜­, 1f62d, 128557, sob
ğŸ˜‚, 1f602, 128514, joy
ğŸ˜², 1f632, 128562, astonished
ğŸ˜±, 1f631, 128561, scream
ğŸ˜«, 1f62b, 128555, tired-face
ğŸ˜ , 1f620, 128544, angry
ğŸ˜¡, 1f621, 128545, rage
ğŸ˜¤, 1f624, 128548, triumph
ğŸ˜ª, 1f62a, 128554, sleepy
ğŸ˜‹, 1f60b, 128523, yum
ğŸ˜·, 1f637, 128567, mask
ğŸ˜, 1f60e, 128526, sunglasses
ğŸ˜µ, 1f635, 128565, dizzy-face
ğŸ‘¿, 1f47f, 128127, imp
ğŸ˜ˆ, 1f608, 128520, smiling-imp
ğŸ˜, 1f610, 128528, neutral-face
ğŸ˜¶, 1f636, 128566, no-mouth
ğŸ˜‡, 1f607, 128519, innocent
ğŸ‘½, 1f47d, 128125, alien
ğŸ’›, 1f49b, 128155, yellow-heart
ğŸ’™, 1f499, 128153, blue-heart
ğŸ’œ, 1f49c, 128156, purple-heart
â¤,  2764,  10084, heart
ğŸ’š, 1f49a, 128154, green-heart
ğŸ’”, 1f494, 128148, broken-heart
ğŸ’“, 1f493, 128147, heartbeat
ğŸ’—, 1f497, 128151, heartpulse
ğŸ’•, 1f495, 128149, two-hearts
ğŸ’, 1f49e, 128158, revolving-hearts
ğŸ’˜, 1f498, 128152, cupid
ğŸ’–, 1f496, 128150, sparkling-heart
âœ¨,  2728,  10024, sparkles
â­,  2b50,  11088, star
ğŸŒŸ, 1f31f, 127775, star2
ğŸ’«, 1f4ab, 128171, dizzy
ğŸ’¥, 1f4a5, 128165, boom
ğŸ’¢, 1f4a2, 128162, anger
â—,  2757,  10071, exclamation
â“,  2753,  10067, question
â•,  2755,  10069, grey-exclamation
â”,  2754,  10068, grey-question
ğŸ’¤, 1f4a4, 128164, zzz
ğŸ’¨, 1f4a8, 128168, dash
ğŸ’¦, 1f4a6, 128166, sweat-drops
ğŸ¶, 1f3b6, 127926, notes
ğŸµ, 1f3b5, 127925, musical-note
ğŸ”¥, 1f525, 128293, fire
ğŸ’©, 1f4a9, 128169, poop
ğŸ‘, 1f44d, 128077, thumbsup
ğŸ‘, 1f44e, 128078, thumbsdown
ğŸ‘Œ, 1f44c, 128076, ok-hand
ğŸ‘Š, 1f44a, 128074, punch
âœŠ,  270a,   9994, fist
âœŒ,  270c,   9996, v
ğŸ‘‹, 1f44b, 128075, wave
âœ‹,  270b,   9995, hand
ğŸ‘, 1f450, 128080, open-hands
â˜,  261d,   9757, point-up
ğŸ‘‡, 1f447, 128071, point-down
ğŸ‘ˆ, 1f448, 128072, point-left
ğŸ‘‰, 1f449, 128073, point-right
ğŸ™Œ, 1f64c, 128588, raised-hands
ğŸ™, 1f64f, 128591, pray
ğŸ‘†, 1f446, 128070, point-up-2
ğŸ‘, 1f44f, 128079, clap
ğŸ’ª, 1f4aa, 128170, muscle
ğŸš¶, 1f6b6, 128694, walking
ğŸƒ, 1f3c3, 127939, runner
ğŸ‘«, 1f46b, 128107, couple
ğŸ‘ª, 1f46a, 128106, family
ğŸ‘¬, 1f46c, 128108, two-men-holding-hands
ğŸ‘­, 1f46d, 128109, two-women-holding-hands
ğŸ’ƒ, 1f483, 128131, dancer
ğŸ‘¯, 1f46f, 128111, dancers
ğŸ™†, 1f646, 128582, ok-woman
ğŸ™…, 1f645, 128581, no-good
ğŸ’, 1f481, 128129, information-desk-person
ğŸ™‹, 1f64b, 128587, raised-hand
ğŸ‘°, 1f470, 128112, bride-with-veil
ğŸ™, 1f64e, 128590, person-with-pouting-face
ğŸ™, 1f64d, 128589, person-frowning
ğŸ™‡, 1f647, 128583, bow
ğŸ’, 1f48f, 128143, couplekiss
ğŸ’‘, 1f491, 128145, couple-with-heart
ğŸ’†, 1f486, 128134, massage
ğŸ’‡, 1f487, 128135, haircut
ğŸ’…, 1f485, 128133, nail-care
ğŸ‘¦, 1f466, 128102, boy
ğŸ‘§, 1f467, 128103, girl
ğŸ‘©, 1f469, 128105, woman
ğŸ‘¨, 1f468, 128104, man
ğŸ‘¶, 1f476, 128118, baby
ğŸ‘µ, 1f475, 128117, older-woman
ğŸ‘´, 1f474, 128116, older-man
ğŸ‘±, 1f471, 128113, person-with-blond-hair
ğŸ‘², 1f472, 128114, man-with-gua-pi-mao
ğŸ‘³, 1f473, 128115, man-with-turban
ğŸ‘·, 1f477, 128119, construction-worker
ğŸ‘®, 1f46e, 128110, cop
ğŸ‘¼, 1f47c, 128124, angel
ğŸ‘¸, 1f478, 128120, princess
ğŸ˜º, 1f63a, 128570, smiley-cat
ğŸ˜¸, 1f638, 128568, smile-cat
ğŸ˜», 1f63b, 128571, heart-eyes-cat
ğŸ˜½, 1f63d, 128573, kissing-cat
ğŸ˜¼, 1f63c, 128572, smirk-cat
ğŸ™€, 1f640, 128576, scream-cat
ğŸ˜¿, 1f63f, 128575, crying-cat-face
ğŸ˜¹, 1f639, 128569, joy-cat
ğŸ˜¾, 1f63e, 128574, pouting-cat
ğŸ‘¹, 1f479, 128121, japanese-ogre
ğŸ‘º, 1f47a, 128122, japanese-goblin
ğŸ™ˆ, 1f648, 128584, see-no-evil
ğŸ™‰, 1f649, 128585, hear-no-evil
ğŸ™Š, 1f64a, 128586, speak-no-evil
ğŸ’‚, 1f482, 128130, guardsman
ğŸ’€, 1f480, 128128, skull
ğŸ‘£, 1f463, 128099, feet
ğŸ‘„, 1f444, 128068, lips
ğŸ’‹, 1f48b, 128139, kiss
ğŸ’§, 1f4a7, 128167, droplet
ğŸ‘‚, 1f442, 128066, ear
ğŸ‘€, 1f440, 128064, eyes
ğŸ‘ƒ, 1f443, 128067, nose
ğŸ‘…, 1f445, 128069, tongue
ğŸ’Œ, 1f48c, 128140, love-letter
ğŸ‘¤, 1f464, 128100, bust-in-silhouette
ğŸ‘¥, 1f465, 128101, busts-in-silhouette
ğŸ’¬, 1f4ac, 128172, speech-balloon
ğŸ’­, 1f4ad, 128173, thought-balloon
â˜€,  2600,   9728, sunny
â˜”,  2614,   9748, umbrella
â˜,  2601,   9729, cloud
â„,  2744,  10052, snowflake
â›„,  26c4,   9924, snowman
âš¡,  26a1,   9889, zap
ğŸŒ€, 1f300, 127744, cyclone
ğŸŒ, 1f301, 127745, foggy
ğŸŒŠ, 1f30a, 127754, ocean
ğŸ±, 1f431, 128049, cat
ğŸ¶, 1f436, 128054, dog
ğŸ­, 1f42d, 128045, mouse
ğŸ¹, 1f439, 128057, hamster
ğŸ°, 1f430, 128048, rabbit
ğŸº, 1f43a, 128058, wolf
ğŸ¸, 1f438, 128056, frog
ğŸ¯, 1f42f, 128047, tiger
ğŸ¨, 1f428, 128040, koala
ğŸ», 1f43b, 128059, bear
ğŸ·, 1f437, 128055, pig
ğŸ½, 1f43d, 128061, pig-nose
ğŸ®, 1f42e, 128046, cow
ğŸ—, 1f417, 128023, boar
ğŸµ, 1f435, 128053, monkey-face
ğŸ’, 1f412, 128018, monkey
ğŸ´, 1f434, 128052, horse
ğŸ, 1f40e, 128014, racehorse
ğŸ«, 1f42b, 128043, camel
ğŸ‘, 1f411, 128017, sheep
ğŸ˜, 1f418, 128024, elephant
ğŸ¼, 1f43c, 128060, panda-face
ğŸ, 1f40d, 128013, snake
ğŸ¦, 1f426, 128038, bird
ğŸ¤, 1f424, 128036, baby-chick
ğŸ¥, 1f425, 128037, hatched-chick
ğŸ£, 1f423, 128035, hatching-chick
ğŸ”, 1f414, 128020, chicken
ğŸ§, 1f427, 128039, penguin
ğŸ¢, 1f422, 128034, turtle
ğŸ›, 1f41b, 128027, bug
ğŸ, 1f41d, 128029, honeybee
ğŸœ, 1f41c, 128028, ant
ğŸ, 1f41e, 128030, beetle
ğŸŒ, 1f40c, 128012, snail
ğŸ™, 1f419, 128025, octopus
ğŸ , 1f420, 128032, tropical-fish
ğŸŸ, 1f41f, 128031, fish
ğŸ³, 1f433, 128051, whale
ğŸ‹, 1f40b, 128011, whale2
ğŸ¬, 1f42c, 128044, dolphin
ğŸ„, 1f404, 128004, cow2
ğŸ, 1f40f, 128015, ram
ğŸ€, 1f400, 128000, rat
ğŸƒ, 1f403, 128003, water-buffalo
ğŸ…, 1f405, 128005, tiger2
ğŸ‡, 1f407, 128007, rabbit2
ğŸ‰, 1f409, 128009, dragon
ğŸ, 1f410, 128016, goat
ğŸ“, 1f413, 128019, rooster
ğŸ•, 1f415, 128021, dog2
ğŸ–, 1f416, 128022, pig2
ğŸ, 1f401, 128001, mouse2
ğŸ‚, 1f402, 128002, ox
ğŸ², 1f432, 128050, dragon-face
ğŸ¡, 1f421, 128033, blowfish
ğŸŠ, 1f40a, 128010, crocodile
ğŸª, 1f42a, 128042, dromedary-camel
ğŸ†, 1f406, 128006, leopard
ğŸˆ, 1f408, 128008, cat2
ğŸ©, 1f429, 128041, poodle
ğŸ¾, 1f43e, 128062, paw-prints
ğŸ’, 1f490, 128144, bouquet
ğŸŒ¸, 1f338, 127800, cherry-blossom
ğŸŒ·, 1f337, 127799, tulip
ğŸ€, 1f340, 127808, four-leaf-clover
ğŸŒ¹, 1f339, 127801, rose
ğŸŒ», 1f33b, 127803, sunflower
ğŸŒº, 1f33a, 127802, hibiscus
ğŸ, 1f341, 127809, maple-leaf
ğŸƒ, 1f343, 127811, leaves
ğŸ‚, 1f342, 127810, fallen-leaf
ğŸŒ¿, 1f33f, 127807, herb
ğŸ„, 1f344, 127812, mushroom
ğŸŒµ, 1f335, 127797, cactus
ğŸŒ´, 1f334, 127796, palm-tree
ğŸŒ², 1f332, 127794, evergreen-tree
ğŸŒ³, 1f333, 127795, deciduous-tree
ğŸŒ°, 1f330, 127792, chestnut
ğŸŒ±, 1f331, 127793, seedling
ğŸŒ¼, 1f33c, 127804, blossom
ğŸŒ¾, 1f33e, 127806, ear-of-rice
ğŸš, 1f41a, 128026, shell
ğŸŒ, 1f310, 127760, globe-with-meridians
ğŸŒ, 1f31e, 127774, sun-with-face
ğŸŒ, 1f31d, 127773, full-moon-with-face
ğŸŒš, 1f31a, 127770, new-moon-with-face
ğŸŒ‘, 1f311, 127761, new-moon
ğŸŒ’, 1f312, 127762, waxing-crescent-moon
ğŸŒ“, 1f313, 127763, first-quarter-moon
ğŸŒ”, 1f314, 127764, waxing-gibbous-moon
ğŸŒ•, 1f315, 127765, full-moon
ğŸŒ–, 1f316, 127766, waning-gibbous-moon
ğŸŒ—, 1f317, 127767, last-quarter-moon
ğŸŒ˜, 1f318, 127768, waning-crescent-moon
ğŸŒœ, 1f31c, 127772, last-quarter-moon-with-face
ğŸŒ›, 1f31b, 127771, first-quarter-moon-with-face
ğŸŒ™, 1f319, 127769, moon
ğŸŒ, 1f30d, 127757, earth-africa
ğŸŒ, 1f30e, 127758, earth-americas
ğŸŒ, 1f30f, 127759, earth-asia
ğŸŒ‹, 1f30b, 127755, volcano
ğŸŒŒ, 1f30c, 127756, milky-way
â›…,  26c5,   9925, partly-sunny
ğŸ, 1f38d, 127885, bamboo
ğŸ’, 1f49d, 128157, gift-heart
ğŸ, 1f38e, 127886, dolls
ğŸ’, 1f392, 127890, school-satchel
ğŸ“, 1f393, 127891, mortar-board
ğŸ, 1f38f, 127887, flags
ğŸ†, 1f386, 127878, fireworks
ğŸ‡, 1f387, 127879, sparkler
ğŸ, 1f390, 127888, wind-chime
ğŸ‘, 1f391, 127889, rice-scene
ğŸƒ, 1f383, 127875, jack-o-lantern
ğŸ‘», 1f47b, 128123, ghost
ğŸ…, 1f385, 127877, santa
ğŸ±, 1f3b1, 127921, 8ball
â°,  23f0,   9200, alarm-clock
ğŸ, 1f34e, 127822, apple
ğŸ¨, 1f3a8, 127912, art
ğŸ¼, 1f37c, 127868, baby-bottle
ğŸˆ, 1f388, 127880, balloon
ğŸŒ, 1f34c, 127820, banana
ğŸ“Š, 1f4ca, 128202, bar-chart
âš¾,  26be,   9918, baseball
ğŸ€, 1f3c0, 127936, basketball
ğŸ›€, 1f6c0, 128704, bath
ğŸ›, 1f6c1, 128705, bathtub
ğŸ”‹, 1f50b, 128267, battery
ğŸº, 1f37a, 127866, beer
ğŸ», 1f37b, 127867, beers
ğŸ””, 1f514, 128276, bell
ğŸ±, 1f371, 127857, bento
ğŸš´, 1f6b4, 128692, bicyclist
ğŸ‘™, 1f459, 128089, bikini
ğŸ‚, 1f382, 127874, birthday
ğŸƒ, 1f0cf, 127183, black-joker
âœ’,  2712,  10002, black-nib
ğŸ“˜, 1f4d8, 128216, blue-book
ğŸ’£, 1f4a3, 128163, bomb
ğŸ”–, 1f516, 128278, bookmark
ğŸ“‘, 1f4d1, 128209, bookmark-tabs
ğŸ“š, 1f4da, 128218, books
ğŸ‘¢, 1f462, 128098, boot
ğŸ³, 1f3b3, 127923, bowling
ğŸ, 1f35e, 127838, bread
ğŸ’¼, 1f4bc, 128188, briefcase
ğŸ’¡, 1f4a1, 128161, bulb
ğŸ°, 1f370, 127856, cake
ğŸ“†, 1f4c6, 128198, calendar
ğŸ“², 1f4f2, 128242, calling
ğŸ“·, 1f4f7, 128247, camera
ğŸ¬, 1f36c, 127852, candy
ğŸ“‡, 1f4c7, 128199, card-index
ğŸ’¿, 1f4bf, 128191, cd
ğŸ“‰, 1f4c9, 128201, chart-with-downwards-trend
ğŸ“ˆ, 1f4c8, 128200, chart-with-upwards-trend
ğŸ’, 1f352, 127826, cherries
ğŸ«, 1f36b, 127851, chocolate-bar
ğŸ„, 1f384, 127876, christmas-tree
ğŸ¬, 1f3ac, 127916, clapper
ğŸ“‹, 1f4cb, 128203, clipboard
ğŸ“•, 1f4d5, 128213, closed-book
ğŸ”, 1f510, 128272, closed-lock-with-key
ğŸŒ‚, 1f302, 127746, closed-umbrella
â™£,  2663,   9827, clubs
ğŸ¸, 1f378, 127864, cocktail
â˜•,  2615,   9749, coffee
ğŸ’», 1f4bb, 128187, computer
ğŸŠ, 1f38a, 127882, confetti-ball
ğŸª, 1f36a, 127850, cookie
ğŸŒ½, 1f33d, 127805, corn
ğŸ’³, 1f4b3, 128179, credit-card
ğŸ‘‘, 1f451, 128081, crown
ğŸ”®, 1f52e, 128302, crystal-ball
ğŸ›, 1f35b, 127835, curry
ğŸ®, 1f36e, 127854, custard
ğŸ¡, 1f361, 127841, dango
ğŸ¯, 1f3af, 127919, dart
ğŸ“…, 1f4c5, 128197, date
â™¦,  2666,   9830, diamonds
ğŸ’µ, 1f4b5, 128181, dollar
ğŸšª, 1f6aa, 128682, door
ğŸ©, 1f369, 127849, doughnut
ğŸ‘—, 1f457, 128087, dress
ğŸ“€, 1f4c0, 128192, dvd
ğŸ“§, 1f4e7, 128231, e-mail
ğŸ³, 1f373, 127859, egg
ğŸ†, 1f346, 127814, eggplant
ğŸ”Œ, 1f50c, 128268, electric-plug
âœ‰,  2709,   9993, email
ğŸ’¶, 1f4b6, 128182, euro
ğŸ‘“, 1f453, 128083, eyeglasses
ğŸ“ , 1f4e0, 128224, fax
ğŸ“, 1f4c1, 128193, file-folder
ğŸ¥, 1f365, 127845, fish-cake
ğŸ£, 1f3a3, 127907, fishing-pole-and-fish
ğŸ”¦, 1f526, 128294, flashlight
ğŸ’¾, 1f4be, 128190, floppy-disk
ğŸ´, 1f3b4, 127924, flower-playing-cards
ğŸˆ, 1f3c8, 127944, football
ğŸ´, 1f374, 127860, fork-and-knife
ğŸ¤, 1f364, 127844, fried-shrimp
ğŸŸ, 1f35f, 127839, fries
ğŸ², 1f3b2, 127922, game-die
ğŸ’, 1f48e, 128142, gem
ğŸ, 1f381, 127873, gift
â›³,  26f3,   9971, golf
ğŸ‡, 1f347, 127815, grapes
ğŸ, 1f34f, 127823, green-apple
ğŸ“—, 1f4d7, 128215, green-book
ğŸ¸, 1f3b8, 127928, guitar
ğŸ”«, 1f52b, 128299, gun
ğŸ”, 1f354, 127828, hamburger
ğŸ”¨, 1f528, 128296, hammer
ğŸ‘œ, 1f45c, 128092, handbag
ğŸ§, 1f3a7, 127911, headphones
â™¥,  2665,   9829, hearts
ğŸ”†, 1f506, 128262, high-brightness
ğŸ‘ , 1f460, 128096, high-heel
ğŸ”ª, 1f52a, 128298, hocho
ğŸ¯, 1f36f, 127855, honey-pot
ğŸ‡, 1f3c7, 127943, horse-racing
âŒ›,  231b,   8987, hourglass
â³,  23f3,   9203, hourglass-flowing-sand
ğŸ¨, 1f368, 127848, ice-cream
ğŸ¦, 1f366, 127846, icecream
ğŸ“¥, 1f4e5, 128229, inbox-tray
ğŸ“¨, 1f4e8, 128232, incoming-envelope
ğŸ“±, 1f4f1, 128241, iphone
ğŸ‘–, 1f456, 128086, jeans
ğŸ”‘, 1f511, 128273, key
ğŸ‘˜, 1f458, 128088, kimono
ğŸ“’, 1f4d2, 128210, ledger
ğŸ‹, 1f34b, 127819, lemon
ğŸ’„, 1f484, 128132, lipstick
ğŸ”’, 1f512, 128274, lock
ğŸ”, 1f50f, 128271, lock-with-ink-pen
ğŸ­, 1f36d, 127853, lollipop
â¿,  27bf,  10175, loop
ğŸ“¢, 1f4e2, 128226, loudspeaker
ğŸ”…, 1f505, 128261, low-brightness
ğŸ”, 1f50d, 128269, mag
ğŸ”, 1f50e, 128270, mag-right
ğŸ€„, 1f004, 126980, mahjong
ğŸ“«, 1f4eb, 128235, mailbox
ğŸ“ª, 1f4ea, 128234, mailbox-closed
ğŸ“¬, 1f4ec, 128236, mailbox-with-mail
ğŸ“­, 1f4ed, 128237, mailbox-with-no-mail
ğŸ‘, 1f45e, 128094, mans-shoe
ğŸ–, 1f356, 127830, meat-on-bone
ğŸ“£, 1f4e3, 128227, mega
ğŸˆ, 1f348, 127816, melon
ğŸ“, 1f4dd, 128221, memo
ğŸ¤, 1f3a4, 127908, microphone
ğŸ”¬, 1f52c, 128300, microscope
ğŸ’½, 1f4bd, 128189, minidisc
ğŸ’¸, 1f4b8, 128184, money-with-wings
ğŸ’°, 1f4b0, 128176, moneybag
ğŸšµ, 1f6b5, 128693, mountain-bicyclist
ğŸ¥, 1f3a5, 127909, movie-camera
ğŸ¹, 1f3b9, 127929, musical-keyboard
ğŸ¼, 1f3bc, 127932, musical-score
ğŸ”‡, 1f507, 128263, mute
ğŸ“›, 1f4db, 128219, name-badge
ğŸ‘”, 1f454, 128084, necktie
ğŸ“°, 1f4f0, 128240, newspaper
ğŸ”•, 1f515, 128277, no-bell
ğŸ““, 1f4d3, 128211, notebook
ğŸ“”, 1f4d4, 128212, notebook-with-decorative-cover
ğŸ”©, 1f529, 128297, nut-and-bolt
ğŸ¢, 1f362, 127842, oden
ğŸ“‚, 1f4c2, 128194, open-file-folder
ğŸ“™, 1f4d9, 128217, orange-book
ğŸ“¤, 1f4e4, 128228, outbox-tray
ğŸ“„, 1f4c4, 128196, page-facing-up
ğŸ“ƒ, 1f4c3, 128195, page-with-curl
ğŸ“Ÿ, 1f4df, 128223, pager
ğŸ“, 1f4ce, 128206, paperclip
ğŸ‘, 1f351, 127825, peach
ğŸ, 1f350, 127824, pear
âœ,  270f,   9999, pencil2
â˜,  260e,   9742, phone
ğŸ’Š, 1f48a, 128138, pill
ğŸ, 1f34d, 127821, pineapple
ğŸ•, 1f355, 127829, pizza
ğŸ“¯, 1f4ef, 128239, postal-horn
ğŸ“®, 1f4ee, 128238, postbox
ğŸ‘, 1f45d, 128093, pouch
ğŸ—, 1f357, 127831, poultry-leg
ğŸ’·, 1f4b7, 128183, pound
ğŸ‘›, 1f45b, 128091, purse
ğŸ“Œ, 1f4cc, 128204, pushpin
ğŸ“», 1f4fb, 128251, radio
ğŸœ, 1f35c, 127836, ramen
ğŸ€, 1f380, 127872, ribbon
ğŸš, 1f35a, 127834, rice
ğŸ™, 1f359, 127833, rice-ball
ğŸ˜, 1f358, 127832, rice-cracker
ğŸ’, 1f48d, 128141, ring
ğŸ‰, 1f3c9, 127945, rugby-football
ğŸ½, 1f3bd, 127933, running-shirt-with-sash
ğŸ¶, 1f376, 127862, sake
ğŸ‘¡, 1f461, 128097, sandal
ğŸ“¡, 1f4e1, 128225, satellite
ğŸ·, 1f3b7, 127927, saxophone
âœ‚,  2702,   9986, scissors
ğŸ“œ, 1f4dc, 128220, scroll
ğŸ’º, 1f4ba, 128186, seat
ğŸ§, 1f367, 127847, shaved-ice
ğŸ‘•, 1f455, 128085, shirt
ğŸš¿, 1f6bf, 128703, shower
ğŸ¿, 1f3bf, 127935, ski
ğŸš¬, 1f6ac, 128684, smoking
ğŸ‚, 1f3c2, 127938, snowboarder
âš½,  26bd,   9917, soccer
ğŸ”‰, 1f509, 128265, sound
ğŸ‘¾, 1f47e, 128126, space-invader
â™ ,  2660,   9824, spades
ğŸ, 1f35d, 127837, spaghetti
ğŸ”Š, 1f50a, 128266, speaker
ğŸ², 1f372, 127858, stew
ğŸ“, 1f4cf, 128207, straight-ruler
ğŸ“, 1f353, 127827, strawberry
ğŸ„, 1f3c4, 127940, surfer
ğŸ£, 1f363, 127843, sushi
ğŸ , 1f360, 127840, sweet-potato
ğŸŠ, 1f3ca, 127946, swimmer
ğŸ’‰, 1f489, 128137, syringe
ğŸ‰, 1f389, 127881, tada
ğŸ‹, 1f38b, 127883, tanabata-tree
ğŸŠ, 1f34a, 127818, tangerine
ğŸµ, 1f375, 127861, tea
ğŸ“, 1f4de, 128222, telephone-receiver
ğŸ”­, 1f52d, 128301, telescope
ğŸ¾, 1f3be, 127934, tennis
ğŸš½, 1f6bd, 128701, toilet
ğŸ…, 1f345, 127813, tomato
ğŸ©, 1f3a9, 127913, tophat
ğŸ“, 1f4d0, 128208, triangular-ruler
ğŸ†, 1f3c6, 127942, trophy
ğŸ¹, 1f379, 127865, tropical-drink
ğŸº, 1f3ba, 127930, trumpet
ğŸ“º, 1f4fa, 128250, tv
ğŸ”“, 1f513, 128275, unlock
ğŸ“¼, 1f4fc, 128252, vhs
ğŸ“¹, 1f4f9, 128249, video-camera
ğŸ®, 1f3ae, 127918, video-game
ğŸ», 1f3bb, 127931, violin
âŒš,  231a,   8986, watch
ğŸ‰, 1f349, 127817, watermelon
ğŸ·, 1f377, 127863, wine-glass
ğŸ‘š, 1f45a, 128090, womans-clothes
ğŸ‘’, 1f452, 128082, womans-hat
ğŸ”§, 1f527, 128295, wrench
ğŸ’´, 1f4b4, 128180, yen
ğŸš¡, 1f6a1, 128673, aerial-tramway
âœˆ,  2708,   9992, airplane
ğŸš‘, 1f691, 128657, ambulance
âš“,  2693,   9875, anchor
ğŸš›, 1f69b, 128667, articulated-lorry
ğŸ§, 1f3e7, 127975, atm
ğŸ¦, 1f3e6, 127974, bank
ğŸ’ˆ, 1f488, 128136, barber
ğŸ”°, 1f530, 128304, beginner
ğŸš², 1f6b2, 128690, bike
ğŸš™, 1f699, 128665, blue-car
â›µ,  26f5,   9973, boat
ğŸŒ‰, 1f309, 127753, bridge-at-night
ğŸš…, 1f685, 128645, bullettrain-front
ğŸš„, 1f684, 128644, bullettrain-side
ğŸšŒ, 1f68c, 128652, bus
ğŸš, 1f68f, 128655, busstop
ğŸš—, 1f697, 128663, car
ğŸ , 1f3a0, 127904, carousel-horse
ğŸ, 1f3c1, 127937, checkered-flag
â›ª,  26ea,   9962, church
ğŸª, 1f3aa, 127914, circus-tent
ğŸŒ‡, 1f307, 127751, city-sunrise
ğŸŒ†, 1f306, 127750, city-sunset
ğŸš§, 1f6a7, 128679, construction
ğŸª, 1f3ea, 127978, convenience-store
ğŸŒ, 1f38c, 127884, crossed-flags
ğŸ¬, 1f3ec, 127980, department-store
ğŸ°, 1f3f0, 127984, european-castle
ğŸ¤, 1f3e4, 127972, european-post-office
ğŸ­, 1f3ed, 127981, factory
ğŸ¡, 1f3a1, 127905, ferris-wheel
ğŸš’, 1f692, 128658, fire-engine
â›²,  26f2,   9970, fountain
â›½,  26fd,   9981, fuelpump
ğŸš, 1f681, 128641, helicopter
ğŸ¥, 1f3e5, 127973, hospital
ğŸ¨, 1f3e8, 127976, hotel
â™¨,  2668,   9832, hotsprings
ğŸ , 1f3e0, 127968, house
ğŸ¡, 1f3e1, 127969, house-with-garden
ğŸ—¾, 1f5fe, 128510, japan
ğŸ¯, 1f3ef, 127983, japanese-castle
ğŸšˆ, 1f688, 128648, light-rail
ğŸ©, 1f3e9, 127977, love-hotel
ğŸš, 1f690, 128656, minibus
ğŸš, 1f69d, 128669, monorail
ğŸ—», 1f5fb, 128507, mount-fuji
ğŸš , 1f6a0, 128672, mountain-cableway
ğŸš, 1f69e, 128670, mountain-railway
ğŸ—¿, 1f5ff, 128511, moyai
ğŸ¢, 1f3e2, 127970, office
ğŸš˜, 1f698, 128664, oncoming-automobile
ğŸš, 1f68d, 128653, oncoming-bus
ğŸš”, 1f694, 128660, oncoming-police-car
ğŸš–, 1f696, 128662, oncoming-taxi
ğŸ­, 1f3ad, 127917, performing-arts
ğŸš“, 1f693, 128659, police-car
ğŸ£, 1f3e3, 127971, post-office
ğŸšƒ, 1f683, 128643, railway-car
ğŸŒˆ, 1f308, 127752, rainbow
ğŸš€, 1f680, 128640, rocket
ğŸ¢, 1f3a2, 127906, roller-coaster
ğŸš¨, 1f6a8, 128680, rotating-light
ğŸ“, 1f4cd, 128205, round-pushpin
ğŸš£, 1f6a3, 128675, rowboat
ğŸ«, 1f3eb, 127979, school
ğŸš¢, 1f6a2, 128674, ship
ğŸ°, 1f3b0, 127920, slot-machine
ğŸš¤, 1f6a4, 128676, speedboat
ğŸŒƒ, 1f303, 127747, stars
ğŸš‰, 1f689, 128649, station
ğŸ—½, 1f5fd, 128509, statue-of-liberty
ğŸš‚, 1f682, 128642, steam-locomotive
ğŸŒ…, 1f305, 127749, sunrise
ğŸŒ„, 1f304, 127748, sunrise-over-mountains
ğŸšŸ, 1f69f, 128671, suspension-railway
ğŸš•, 1f695, 128661, taxi
â›º,  26fa,   9978, tent
ğŸ«, 1f3ab, 127915, ticket
ğŸ—¼, 1f5fc, 128508, tokyo-tower
ğŸšœ, 1f69c, 128668, tractor
ğŸš¥, 1f6a5, 128677, traffic-light
ğŸš†, 1f686, 128646, train2
ğŸšŠ, 1f68a, 128650, tram
ğŸš©, 1f6a9, 128681, triangular-flag-on-post
ğŸš, 1f68e, 128654, trolleybus
ğŸšš, 1f69a, 128666, truck
ğŸš¦, 1f6a6, 128678, vertical-traffic-light
âš ,  26a0,   9888, warning
ğŸ’’, 1f492, 128146, wedding
ğŸ’¯, 1f4af, 128175, 100
ğŸ”¢, 1f522, 128290, 1234
ğŸ…°, 1f170, 127344, a
ğŸ†, 1f18e, 127374, ab
ğŸ”¤, 1f524, 128292, abc
ğŸ”¡, 1f521, 128289, abcd
ğŸ‰‘, 1f251, 127569, accept
â™’,  2652,   9810, aquarius
â™ˆ,  2648,   9800, aries
â—€,  25c0,   9664, arrow-backward
â¬,  23ec,   9196, arrow-double-down
â«,  23eb,   9195, arrow-double-up
â¬‡,  2b07,  11015, arrow-down
ğŸ”½, 1f53d, 128317, arrow-down-small
â–¶,  25b6,   9654, arrow-forward
â¤µ,  2935,  10549, arrow-heading-down
â¤´,  2934,  10548, arrow-heading-up
â¬…,  2b05,  11013, arrow-left
â†™,  2199,   8601, arrow-lower-left
â†˜,  2198,   8600, arrow-lower-right
â¡,  27a1,  10145, arrow-right
â†ª,  21aa,   8618, arrow-right-hook
â¬†,  2b06,  11014, arrow-up
â†•,  2195,   8597, arrow-up-down
ğŸ”¼, 1f53c, 128316, arrow-up-small
â†–,  2196,   8598, arrow-upper-left
â†—,  2197,   8599, arrow-upper-right
ğŸ”ƒ, 1f503, 128259, arrows-clockwise
ğŸ”„, 1f504, 128260, arrows-counterclockwise
ğŸ…±, 1f171, 127345, b
ğŸš¼, 1f6bc, 128700, baby-symbol
ğŸ›„, 1f6c4, 128708, baggage-claim
â˜‘,  2611,   9745, ballot-box-with-check
â€¼,  203c,   8252, bangbang
âš«,  26ab,   9899, black-circle
ğŸ”², 1f532, 128306, black-square-button
â™‹,  264b,   9803, cancer
ğŸ” , 1f520, 128288, capital-abcd
â™‘,  2651,   9809, capricorn
ğŸ’¹, 1f4b9, 128185, chart
ğŸš¸, 1f6b8, 128696, children-crossing
ğŸ¦, 1f3a6, 127910, cinema
ğŸ†‘, 1f191, 127377, cl
ğŸ•, 1f550, 128336, clock1
ğŸ•™, 1f559, 128345, clock10
ğŸ•¥, 1f565, 128357, clock1030
ğŸ•š, 1f55a, 128346, clock11
ğŸ•¦, 1f566, 128358, clock1130
ğŸ•›, 1f55b, 128347, clock12
ğŸ•§, 1f567, 128359, clock1230
ğŸ•œ, 1f55c, 128348, clock130
ğŸ•‘, 1f551, 128337, clock2
ğŸ•, 1f55d, 128349, clock230
ğŸ•’, 1f552, 128338, clock3
ğŸ•, 1f55e, 128350, clock330
ğŸ•“, 1f553, 128339, clock4
ğŸ•Ÿ, 1f55f, 128351, clock430
ğŸ•”, 1f554, 128340, clock5
ğŸ• , 1f560, 128352, clock530
ğŸ••, 1f555, 128341, clock6
ğŸ•¡, 1f561, 128353, clock630
ğŸ•–, 1f556, 128342, clock7
ğŸ•¢, 1f562, 128354, clock730
ğŸ•—, 1f557, 128343, clock8
ğŸ•£, 1f563, 128355, clock830
ğŸ•˜, 1f558, 128344, clock9
ğŸ•¤, 1f564, 128356, clock930
ãŠ—,  3297,  12951, congratulations
ğŸ†’, 1f192, 127378, cool
Â©,    a9,    169, copyright
â°,  27b0,  10160, curly-loop
ğŸ’±, 1f4b1, 128177, currency-exchange
ğŸ›ƒ, 1f6c3, 128707, customs
ğŸ’ , 1f4a0, 128160, diamond-shape-with-a-dot-inside
ğŸš¯, 1f6af, 128687, do-not-litter
âœ´,  2734,  10036, eight-pointed-black-star
âœ³,  2733,  10035, eight-spoked-asterisk
ğŸ”š, 1f51a, 128282, end
â©,  23e9,   9193, fast-forward
ğŸ†“, 1f193, 127379, free
â™Š,  264a,   9802, gemini
ğŸ’Ÿ, 1f49f, 128159, heart-decoration
âœ”,  2714,  10004, heavy-check-mark
â—,  2797,  10135, heavy-division-sign
ğŸ’², 1f4b2, 128178, heavy-dollar-sign
â–,  2796,  10134, heavy-minus-sign
âœ–,  2716,  10006, heavy-multiplication-x
â•,  2795,  10133, heavy-plus-sign
ğŸ†”, 1f194, 127380, id
ğŸ‰, 1f250, 127568, ideograph-advantage
â„¹,  2139,   8505, information-source
â‰,  2049,   8265, interrobang
ğŸ”Ÿ, 1f51f, 128287, keycap-ten
ğŸˆ, 1f201, 127489, koko
ğŸ”µ, 1f535, 128309, large-blue-circle
ğŸ”·, 1f537, 128311, large-blue-diamond
ğŸ”¶, 1f536, 128310, large-orange-diamond
ğŸ›…, 1f6c5, 128709, left-luggage
â†”,  2194,   8596, left-right-arrow
â†©,  21a9,   8617, leftwards-arrow-with-hook
â™Œ,  264c,   9804, leo
â™,  264e,   9806, libra
ğŸ”—, 1f517, 128279, link
â“‚,  24c2,   9410, m
ğŸš¹, 1f6b9, 128697, mens
ğŸš‡, 1f687, 128647, metro
ğŸ“´, 1f4f4, 128244, mobile-phone-off
â,  274e,  10062, negative-squared-cross-mark
ğŸ†•, 1f195, 127381, new
ğŸ†–, 1f196, 127382, ng
ğŸš³, 1f6b3, 128691, no-bicycles
â›”,  26d4,   9940, no-entry
ğŸš«, 1f6ab, 128683, no-entry-sign
ğŸ“µ, 1f4f5, 128245, no-mobile-phones
ğŸš·, 1f6b7, 128695, no-pedestrians
ğŸš­, 1f6ad, 128685, no-smoking
ğŸš±, 1f6b1, 128689, non-potable-water
â­•,  2b55,  11093, o
ğŸ…¾, 1f17e, 127358, o2
ğŸ†—, 1f197, 127383, ok
ğŸ”›, 1f51b, 128283, on
â›,  26ce,   9934, ophiuchus
ğŸ…¿, 1f17f, 127359, parking
ã€½,  303d,  12349, part-alternation-mark
ğŸ›‚, 1f6c2, 128706, passport-control
â™“,  2653,   9811, pisces
ğŸš°, 1f6b0, 128688, potable-water
ğŸš®, 1f6ae, 128686, put-litter-in-its-place
ğŸ”˜, 1f518, 128280, radio-button
â™»,  267b,   9851, recycle
ğŸ”´, 1f534, 128308, red-circle
Â®,    ae,    174, registered
ğŸ”, 1f501, 128257, repeat
ğŸ”‚, 1f502, 128258, repeat-one
ğŸš», 1f6bb, 128699, restroom
âª,  23ea,   9194, rewind
ğŸˆ‚, 1f202, 127490, sa
â™,  2650,   9808, sagittarius
â™,  264f,   9807, scorpius
ãŠ™,  3299,  12953, secret
ğŸ“¶, 1f4f6, 128246, signal-strength
ğŸ”¯, 1f52f, 128303, six-pointed-star
ğŸ”¹, 1f539, 128313, small-blue-diamond
ğŸ”¸, 1f538, 128312, small-orange-diamond
ğŸ”º, 1f53a, 128314, small-red-triangle
ğŸ”», 1f53b, 128315, small-red-triangle-down
ğŸ”œ, 1f51c, 128284, soon
ğŸ†˜, 1f198, 127384, sos
ğŸ”£, 1f523, 128291, symbols
â™‰,  2649,   9801, taurus
â„¢,  2122,   8482, tm
ğŸ”, 1f51d, 128285, top
ğŸ”±, 1f531, 128305, trident
ğŸ”€, 1f500, 128256, twisted-rightwards-arrows
ğŸˆ¹, 1f239, 127545, u5272
ğŸˆ´, 1f234, 127540, u5408
ğŸˆº, 1f23a, 127546, u55b6
ğŸˆ¯, 1f22f, 127535, u6307
ğŸˆ·, 1f237, 127543, u6708
ğŸˆ¶, 1f236, 127542, u6709
ğŸˆµ, 1f235, 127541, u6e80
ğŸˆš, 1f21a, 127514, u7121
ğŸˆ¸, 1f238, 127544, u7533
ğŸˆ², 1f232, 127538, u7981
ğŸˆ³, 1f233, 127539, u7a7a
ğŸ”, 1f51e, 128286, underage
ğŸ†™, 1f199, 127385, up
ğŸ“³, 1f4f3, 128243, vibration-mode
â™,  264d,   9805, virgo
ğŸ†š, 1f19a, 127386, vs
ã€°,  3030,  12336, wavy-dash
ğŸš¾, 1f6be, 128702, wc
â™¿,  267f,   9855, wheelchair
âœ…,  2705,   9989, white-check-mark
âšª,  26aa,   9898, white-circle
ğŸ’®, 1f4ae, 128174, white-flower
ğŸ”³, 1f533, 128307, white-square-button
ğŸšº, 1f6ba, 128698, womens
âŒ,  274c,  10060, x
